epoch,train_loss,val_loss,val_macro_f1,val_top1,lr_backbone,lr_head,train_time_s,val_time_s
1,1.5276092160038832,0.6079686883857202,0.7541639666873956,0.8251928020565553,0.0001,0.001,15.983093434944749,1.9571251259185374
2,1.0162864222032268,0.4208011608980479,0.8451725916491463,0.8914595829762925,9.801911613998646e-05,0.0009801911613998647,16.210321857011877,1.6362093630013987
3,0.8878564245817138,0.30354285780718177,0.9139683785240932,0.9343044844330192,9.218859115620345e-05,0.0009218859115620345,16.130398984998465,1.707781067932956
4,0.8415860780855504,0.30108366243092205,0.9129865730450953,0.9357326478149101,8.29807044485429e-05,0.000829807044485429,15.733990138978697,1.8628215530188754
5,0.8384589483825172,0.25717731328801885,0.9331580272355028,0.9471579548700372,7.114142423664867e-05,0.0007114142423664866,13.600977870984934,1.274302246980369
6,0.7764257061772231,0.23258925539379424,0.9508935394345591,0.9591545272779206,5.762989859237788e-05,0.0005762989859237789,9.904097251943313,1.2445141399512067
7,0.7742434485656459,0.21684226217490543,0.9501925702113828,0.9625821193944587,4.354075096729228e-05,0.00043540750967292275,10.374729773961008,1.3796431830851361
8,0.7315283999210451,0.261364338270973,0.9381923927136067,0.9480148528991716,3.0015400310589022e-05,0.0003001540031058902,10.91664300695993,1.4189921979559585
9,0.7401255329207677,0.2302704261723875,0.950964235873884,0.9602970579834333,1.814959009411662e-05,0.00018149590094116618,10.540236206026748,1.3124973949743435
10,0.7510429533516488,0.21406231367717435,0.9525857153525147,0.9634390174235933,8.904617692923106e-06,8.904617692923106e-05,10.500679234042764,1.4228164000669494
11,0.7225347817307566,0.2085130056571157,0.9580979877054799,0.9665809768637532,3.0294557889852553e-06,3.0294557889852552e-05,11.77717403601855,1.8771294209873304
12,0.7295877749963504,0.2071685245320716,0.9583803106962958,0.9671522422165095,1.0000750588268955e-06,1.0000750588268953e-05,10.70281367993448,1.5623128870502114
